Ã…r,Model 1,Model 2,Model 3,Model 4,Model 5,Model 6,Model 7,Model 8,Model 9,Model 10,Model 11,Model 12,Model 13,Model 14,Model 15,Model 16,Model 17,Model 18,Model 19,Model 20,Model 21,Model 22,Model 23,Model 24,Model 25,Model 26,Model 27,Model 28,Model 29,Model 30,Model 31,Model 32,Model 33,Model 34,Model 35,Model 36,Model 37,Model 38,Model 39,Model 40,Model 41,Model 42,Model 43,Model 44,Model 45,Model 46,Model 47,Model 48,Model 49,Model 50,Model 51,Model 52,Model 53,Model 54,Model 55,Model 56,Model 57,Model 58,Model 59,Model 60,Model 61,Model 62,Model 63,Model 64,Model 65
1981,6.24488427952527,6.48627079562342,8.91128859823833,8.4030418890807,8.65312964799252,8.55063886910069,8.3653330781626,7.932432472786,8.20568356141314,8.01767761969191,8.1934438670893,8.02885252541507,8.0331045134536,8.75420203488744,7.40201239781295,7.6462782609053,6.86620037234201,7.16323912051721,8.65665239625159,8.55393463820704,8.35456551757191,8.78392544871181,8.43691397320807,8.40545123911995,8.56568541032228,8.75420203488744,6.85514114188218,7.00548753190834,7.03358249799119,6.72321851215399,6.70016923002293,6.35602208433033,6.80291100119944,6.96296841848742,6.47436311612709,6.78763118534722,8.44084938806912,8.59997913242839,8.37218936353829,7.96879142634791,8.62964594826004,8.12910300142655,7.51673268288905,7.45969265067145,9.83449293777849,9.5381219463817,9.86367496720789,9.79558080104803,9.50508156084893,9.35197675700425,8.44135660280646,9.60334871810301,9.31801548126852,8.4701242770338,9.80073589514576,9.67755070598129,8.63018255303814,9.52103721245488,8.84759561801557,8.84647022212995,8.89866830761248,8.1091732053284,8.23940109348932,8.74788424782023,8.44643056109535
1982,7.10520088786433,6.99647027839184,7.07794733311934,6.77987245139844,7.24183469976533,7.3921403903184,7.89419294628217,6.70861066106458,7.08910250360046,9.34705038024829,9.20558369312274,8.97461164759253,8.92081078152755,8.17402472138797,9.39544749863148,8.97663778683712,9.68463455863119,9.06061506906673,8.50130348259348,8.52592743514783,8.29823509222399,8.33810999230789,8.52768848981775,8.17665359717045,7.92307541811481,8.17402472138797,7.39158362086344,7.1510989562628,7.4093697210518,8.00441992958027,7.45843619014985,6.80361024559926,7.68659533752124,7.50220534487496,7.49153484645736,7.81272339159493,8.18010172481194,7.92859949736378,8.02094080930065,8.67696397905344,7.84119722073458,7.34971571804102,7.23759228252572,6.85070925213481,9.17590494723467,9.2213472763288,9.00299851163294,8.8573056569052,8.86433618662023,8.92384428744368,7.53035408281013,8.99661169847047,8.61304472612007,7.58430527880942,9.19946950241524,8.97742323358627,7.80506966616807,8.70351509282576,8.42246218484224,7.95791126524194,8.22794019056201,8.07626767466351,8.04947270244719,8.17344437161428,8.29437141224997
1983,7.05932939157402,6.92959550858925,9.24297116538176,9.46314839173545,9.2787069998644,9.13339256715319,8.82091627966814,8.55531572467945,9.19015126718915,8.74449894257197,8.41083482164447,8.34339827123389,8.35026104526305,8.19358219130134,8.78560845552999,8.38235023689411,8.95605642388031,8.88393252894407,8.45251603345696,8.23953137749886,8.14710123272061,8.15639328850042,8.13711715282523,8.09407494566797,8.15227910063075,8.19358219130134,7.30721887642969,7.58118202896153,7.52701333588853,7.54207750647726,7.46951020578999,7.3200509705541,7.53000689566656,8.17019708910831,7.51340271639189,7.60829840140835,8.6102006795338,8.64522697108868,8.69598595116946,8.10357364312464,8.84307918267733,7.96294257768966,7.55480889599496,6.93553344251799,8.01464303386698,7.81411150494572,7.80636968565571,8.23137146764907,8.21760350739563,8.5344378489753,7.30051868961947,8.09471088710347,8.55911248317513,7.23405097044917,8.27919600144629,9.0162630742348,6.70325231901364,7.9767488470194,8.2262589010044,8.89298668385958,8.45718259862091,8.65338053404758,8.60357296867566,8.64900902065828,9.2359918944477
1984,7.35827644702949,7.32120685819201,9.06541986132915,8.49547852266002,9.21440513971307,8.95974759041976,8.01656381433924,8.92222157873346,8.62926957656844,8.2228297490653,7.97975610737355,7.92689754092715,8.27737911949609,7.56699569596306,8.00809035646911,7.20236602867408,7.58841112948709,7.63355762372874,7.79298396997589,7.39375309907759,7.87508171598725,7.43729220061686,7.58439918099201,8.08287101415449,7.2633659883618,7.56699569596306,7.05073079458141,7.27058716025486,7.71369400981641,7.36385338936621,7.4998041891388,7.23341265562896,7.10979202736219,7.73906588066312,7.30485312804538,7.57409946713163,7.44496423939122,7.81847446641849,7.82674170097897,7.98833987267452,7.66592006051644,6.68184210710876,6.99089159114798,6.17555289033266,7.20225392737433,7.49242580872316,7.28150444292191,7.21057259099768,7.3272968724591,10.2292068234841,8.22038805975929,7.1266341716225,10.0315687527942,8.58738145278507,6.99350163491004,10.6434849083493,8.24361415301028,7.04300861009331,8.31826398637514,7.95931816174911,7.93377886441114,8.24716634856921,7.7171589271209,8.16328306572248,8.13094248257444
1985,7.46710787022647,7.2927673456124,7.84884728201425,7.62036499628465,8.09751664979368,7.62318948559686,7.82792341918178,8.10685108959238,7.54481491421151,7.88872595796282,8.37371622068543,8.26557697406838,8.14382593943765,9.02837605114818,8.50866405950687,8.22350075944926,8.79560952804775,7.92152956609482,8.54835701716508,8.65943607034227,8.76208204274797,8.61607797908975,9.16155462943819,8.89518681711814,8.53483420544194,9.02837605114818,7.84081236717886,7.84254703545963,7.59222149000652,7.82919763607989,7.74453025387962,7.54906931975132,7.91247596422063,7.46623254594186,7.49442182947158,7.5534408088138,7.36232443872262,7.70588806274062,7.11563565558299,7.89354649342209,7.816881822415,7.91266214889031,7.18031091768249,7.20022953627207,9.2383763722698,9.41266595515914,9.39691679286202,9.30330137069655,9.50921813505125,9.24472533668035,8.07124345919059,9.37840805489237,9.35663251408316,8.29408528947356,9.35656460590707,9.08154142644626,8.51457876873009,9.02972681482259,9.0251969142492,8.97167665710196,9.12560239156682,9.00110850889754,9.01684455766483,8.89071637962732,9.21632064629597
1986,7.35648765020892,7.07265288058916,7.64225453986923,7.86316418244382,8.16266846386773,7.5203599402572,7.93683120315079,7.58025285079972,7.73297370022166,7.19071416151676,7.65633432518042,7.82273651137096,7.63585590478403,7.25111220737156,8.53407583183907,8.55244901401493,8.50221578827359,8.87175693261075,7.55652957050223,7.62639405859422,7.68191031410358,7.49241090860671,7.43473744061385,7.90026259944729,7.1774070265134,7.25111220737156,7.70016533005235,7.85834189247935,7.8934182183176,8.02682780907527,7.73646885945676,7.92509064467844,7.73480663414831,7.15501285502379,7.78565678793713,8.12631955972341,6.29019049200118,6.38619407135132,5.75652785404487,6.49237214408102,6.12865495196641,7.97617624968294,7.82403642923137,7.47764795527981,8.94041754320805,9.20640974231082,9.46465136130833,9.39959261542888,9.18246031089239,7.95937410327112,8.14516635553395,8.87440576680916,7.63438174584704,8.04019245759649,8.91414130030923,7.75947363614586,8.70388823354543,8.89580006262285,8.5126777811262,8.18121562780864,8.37108984864843,8.7498516984926,7.88465184215391,8.14334003013422,9.14427659176885
1987,7.57863795948393,7.43565669390225,7.68913872470282,7.81787753886668,8.00863408132832,7.57380325124613,8.1104475547641,7.4363846700813,8.26175733186701,7.8885614734766,8.03920181859376,8.17800792621943,7.95592294974386,6.17730359594393,8.12181789464493,8.1152569602103,8.55850374607068,8.54276275662024,6.79707051917865,6.62319623442765,6.65812471069515,6.80444607893504,7.04809008808563,6.69703177740417,6.78357660857687,6.17730359594393,6.92117938532205,7.18701138884592,6.93688799786421,6.72936669387782,6.7736024825551,6.77533630369547,6.5810303377639,6.88597271540803,6.81326195003293,6.77986423100626,7.90952718007568,7.82601578578622,7.3963038647281,7.32396722613628,7.60920475583277,7.09780286702773,6.95482286599634,6.75032131742645,9.2810099057369,9.07741235528918,9.02563202240502,8.74955607603262,8.77146605510115,8.66473444574081,7.82790590478818,8.76809039351893,8.38418198685089,7.72691063197406,9.22934506575177,8.35815895031987,7.17181182780206,9.21968690694911,8.35181667127517,7.92024169413876,8.19641798476739,7.97995159507802,7.84889120675937,8.21701662356692,7.99516582802244
1988,7.75929109343553,7.57555868568752,7.91743586948195,7.72624599920205,7.90398310877916,7.84929135228315,7.84783319977704,8.83756244569912,8.70290368527683,8.04239070545632,7.79669090186396,7.84821199475072,7.62331248988937,7.83147509132773,8.03121018158779,7.53920396938537,8.11354095030266,7.49026815297077,8.41472959612981,8.11924577497729,8.19786617450714,8.4302327513456,8.04355413209496,7.91078728048784,7.89743149734901,7.83147509132773,8.03374403835315,8.31758819708591,7.92988091743866,7.78924529827383,8.00987147346569,7.72343982657599,7.57553893973109,7.19991534883686,7.74140851913327,8.13084583476381,9.2671520122695,9.32232581723381,9.3509775857988,8.45919374730609,9.3895002127356,7.43397105048126,7.60097851245582,6.69499074058766,9.04633559131639,8.90367198067844,8.93374361161288,9.25289709870608,9.18969479960072,8.79714657779551,8.04021669049412,8.80832484596036,8.70064135798924,8.03322259441505,8.98081712681501,9.29599436455278,7.31250253631962,9.06420994900596,7.46560524442883,7.63935944272642,6.86095464840635,6.7725021948007,6.61091577961284,7.5671023203115,7.76521601365019
1989,8.15124687176958,7.82410250972193,8.61672727897665,8.67233432707836,8.52617240144946,8.59008553644759,8.38361889902683,9.48582350040702,9.18033699005591,8.3429880800947,8.36607013028331,8.71347351317414,8.18290037592403,7.42981184015065,9.11326153175448,9.28523670705533,9.61375976339007,9.39919369955138,7.70359221521155,7.76618880509987,7.77023308680717,7.74352484210169,7.80457655725413,7.3177329636491,7.45023454323464,7.42981184015065,7.99197736888193,8.15473860918833,7.91899623184272,8.30679547612837,7.84487627072176,8.03952159511237,8.09957108472435,8.47224724124073,8.54557049233424,8.22058580614191,7.30575091147924,7.06307813419355,7.36716278139253,7.63202172663074,6.96606441409523,8.53290184678958,8.73851181058046,8.19580962933796,8.64792795083604,8.87773753918387,8.23239177677102,8.8756175239466,8.70070218204531,8.20872258041086,8.52594639917183,8.83324744721132,8.20484489004942,8.81178234929186,8.52761492886782,8.18497718739234,8.85494440283834,8.99173645169089,7.32568537166991,7.44053441918842,7.35094690114859,7.11092092540748,6.76356790365038,7.07892857174524,7.59025254545951
1990,8.71945425016578,7.9676016860055,7.99915123499514,7.59323521109276,7.6175725565834,7.36564517467081,7.61872523202033,7.84079339998801,7.34613525826043,9.1342983989005,9.0191291894031,8.88553514927568,8.60555258277319,7.55400696090852,8.32186673237478,7.95028471455563,8.02398475280649,8.11200154163942,7.7944051180997,7.56087633614203,7.69410225749603,7.55144099012904,7.32221952818205,7.85693965395123,7.73363513569421,7.55400696090852,8.19983081362772,8.38932836345692,8.24578668759874,8.36774368766048,8.20739925225135,8.85508725129339,8.42477058474982,7.9234558136747,8.3559373236399,8.21451437414379,7.82055183679026,7.65809203863743,7.75079381753821,7.57875229622018,7.55237120342148,8.41044122536564,8.49271525010291,8.86123920215205,8.88275248845184,8.49182407094048,8.5425478707592,8.15699244834062,8.58705463316112,8.85691660225461,8.54066826119471,8.5290062224563,8.99267764169308,8.56256631061737,8.47928953988687,9.40695677741586,8.6323470025719,7.82099214072528,7.66292906079149,7.67798575529491,7.38460714336602,7.67383987387334,7.76301759078477,7.99922386694819,7.68814509930051
1991,7.92932508756764,7.80839920256868,7.80919993246798,7.89913487354702,7.86094453381403,7.87000075840688,8.03102626590585,8.37657916622248,8.3911364238934,8.02823770198992,8.53021247285943,8.48468798325311,8.18331513585554,7.76735584034621,8.44772099204342,8.47842262936482,7.96907528848147,8.20293061130605,7.90868259615314,8.13048980429413,7.68823244855338,7.82288443300059,7.92546948840188,8.16778101434576,7.23327895990775,7.76735584034621,8.81614174703568,8.82230633425865,8.28100330519168,8.39883407094015,8.15343896827081,8.5593867759328,8.56682395405183,8.60959622543787,8.80471309567125,8.51389756461013,7.83651389463772,8.26875608113501,8.53794397922548,8.04443609191186,8.21727899179868,8.38414821617586,7.82312087031621,8.31690340487773,8.94457168854528,8.63445888442019,8.53602985859937,9.10853762428371,9.0383872327742,8.32229517680115,7.15437381191815,8.71655290492345,8.09731917838595,7.46911627415452,8.85403254854969,8.14854203435205,7.76930682366243,8.35387909461083,9.21588615765816,8.95277673222845,8.59498308835792,9.16663316464725,8.34582425197968,9.00660032529712,9.90032628014288
1992,7.43911777314501,7.11897473442149,8.15328736927189,7.5979408497142,7.87837488143208,7.8381549762285,7.41023749375066,7.37753152691312,8.15578799625668,8.11219255831802,7.85115700790789,7.90514137365735,7.81773154445824,8.70128921400238,7.78166981785013,7.89702550542928,7.70619550100191,8.13471181508026,8.27484331014957,8.43076057743471,8.35998672062293,8.71464358296942,8.77767244483618,8.1043556630503,8.06977753571202,8.70128921400238,8.37092300304638,8.28725249879444,8.20316897082053,8.15470979813584,8.12143533836822,8.0741418956583,8.62175687468697,7.99939160241337,8.12515662389281,8.27025474480564,7.15647005054156,6.79003740524744,7.61363447925565,7.38076985986844,7.29144501941431,8.68156900907618,8.56840371734516,8.44801974653298,8.24252545580125,8.29434231757685,8.2753264189123,8.22249982244749,8.46180017871881,8.27802117410081,8.44510506140402,7.87818142686693,7.89188631962172,8.25697420167402,8.44458572623771,7.59610529953474,8.21978713495018,8.62535708676113,9.72861313416502,9.4195930033716,9.51352317581308,9.93067011765836,9.78651778547839,9.99269273931066,9.89765186041537
1993,8.00864489912608,7.78550111485578,8.38101677739842,8.01197095731413,8.39872118393866,8.50328240364887,8.51897479954774,8.53940963124303,8.19520898117163,8.58476462354073,8.61077607468777,8.70042483137809,8.57292283532318,8.46933989078996,9.39130784108864,9.14156611928582,9.05050266624327,9.01155013379652,8.3517116134146,8.45559006027677,8.68630555942011,8.24694403233828,8.80129287898225,8.38884073950096,8.3939821670342,8.46933989078996,7.95501384164196,8.0672867470116,7.51479542215483,7.6416579504786,7.46470362356894,7.44213915143671,7.72701456761758,7.67415351677205,7.83144224223707,7.82060144997646,7.32492953135772,6.99000921835767,6.28690704054042,6.96270290523386,6.6618561603075,9.17214411955221,9.67072982805979,9.19054727148315,7.82627371286504,8.09158325154985,7.97576572066538,8.51923129580333,8.15854835232558,8.99929181781227,6.97635012888655,8.24977606826447,8.28590840858533,7.41665948387583,7.89376225030572,8.57789889229955,7.02628715278414,8.29943996129745,8.79403957116218,8.99075385121456,9.3100733510189,9.08155871202992,8.90984971397237,8.90853957718623,8.25131848740733
1994,8.23420328504254,8.19538192912446,8.89183756474093,8.05072661315103,8.56308897974842,8.96276521161255,8.67898485856685,8.31086606373083,8.92209423289059,8.02192643184226,8.06674816614576,8.16040014116211,8.89611133670762,7.4260911910426,8.81828552927684,8.50103959605646,8.16592609089629,8.53051859486967,7.37813927791706,7.45085058119458,7.6962282313784,7.41602584587041,7.650649907725,7.26954982233073,7.57820622568527,7.4260911910426,8.09384831940639,8.3112629559668,8.21228058247019,8.19442620481482,8.12143461524826,8.10314645564363,8.65055642484957,8.96937048653859,8.40890796308419,8.20487528247034,8.53985365902445,8.54386901145716,7.97749134626065,8.60666358135307,8.73537015171174,8.01329821571536,8.04426385538993,7.61218328376673,7.59728406057652,7.41218128059231,7.45322947052035,6.7287113607316,7.47649997650334,8.2373815953328,7.74621717600606,7.48770387657412,8.31667621192851,7.50848491447157,7.28810208719112,8.82950561123648,7.33329095950782,7.36305636537602,7.93892480681025,8.05459165307265,7.86245569066291,7.67513864796357,8.03233933871327,7.54518807785439,7.93500172363356
1995,8.59652327520155,8.96716520557636,7.55996301874999,7.87309451084323,7.93030011929562,7.86773449193196,7.59934240220608,6.19846704797784,7.58831723463542,8.71527595309391,9.09662294546433,8.93347298396725,9.03863621912926,8.36618706015285,8.74879072863647,8.46508361910073,8.6573328576352,8.05783044264305,8.20621581981209,8.23032314082361,8.44303858786104,8.19095263227974,8.14246190596281,7.87247220281003,8.02746192830258,8.36618706015285,7.67087361599207,7.60945259904404,7.88462901843823,7.77154150101794,7.92776148704081,7.64530057681661,7.55753885532695,7.66669848157412,7.9516393228513,7.67983170898331,8.89202652379486,8.67007053794431,8.59711909717124,8.09886338395563,8.54109677163613,9.07332675840455,8.99389274010577,8.77782476501155,8.02927287473495,7.75857019655591,8.64634331648986,8.41001593841211,8.40044550909025,8.71034605543803,8.65050415542483,8.1551132009998,8.63954746286817,9.12006620586518,8.76326255096806,8.66422584331751,8.77811595117741,8.63371014885236,8.54865929009011,8.84299836127157,8.64705055174023,8.56069755727763,8.09892611169503,8.48035004263958,8.06327205129889
1996,9.02948212740683,8.89513470892926,8.05782974472487,8.45471912883749,8.3006595582291,8.49560666967013,7.69734601721215,7.49574366941083,7.68012575507002,8.12328330578431,8.28215378849882,8.31975679547848,8.3320274952821,7.32509681295171,7.68781582596564,6.87116244489344,7.59981879647574,7.14047287974598,7.81154556326718,8.16406054697249,8.22856618412441,7.63160935044966,7.81862650683213,7.71181368936192,7.7387575390214,7.32509681295171,8.62509517365831,8.74224099197435,8.61840591880126,8.09700583278864,8.7074399117342,8.81552917864161,8.81838800505538,8.90827604450967,8.56585855881546,8.66445639551023,8.65859129312411,9.00922506545504,8.66407893678746,7.7509391880896,8.83160878979556,8.23692366875625,8.32443981391463,8.15957765382315,7.71051501844036,7.77829390312655,7.75403366652416,8.07023064477465,8.26514793912788,8.95049175606422,7.57568105763189,7.92632431216659,8.94200303610458,7.40529251950091,7.73039420672918,8.8908444868083,7.37220053533561,8.14428546675715,8.55423189374621,8.48894029847313,8.57374668084155,8.70945545755412,8.4246352904841,8.63495553008317,8.27109248307056
1997,8.862928071875,8.52997482602767,8.76631505048438,8.74817983358363,8.86217207420962,8.58964529967169,8.82138474908999,8.18047577533426,8.5128478061455,8.49361080434059,8.63565514511666,8.57957295942477,8.05752704429003,7.84988316806046,7.84750593640682,7.72244963820444,8.09751456832057,7.72694242873536,8.18014805534641,8.06925480641231,8.03856791181272,8.25188739650119,8.16010902005339,8.20979374775271,8.02731341597365,7.84988316806046,10.0147244281308,9.83839868542161,9.92323400013799,10.2556875618353,10.2238806256381,10.3309195442655,10.0287943737375,9.72908251099481,10.0793569148254,10.1848863952308,7.66185280725766,7.56461005850035,7.33573432937551,7.61827268062638,7.24918138129786,8.55970609241248,8.76296487957254,7.97407802635132,7.86912427989457,7.94713020969838,7.88701857976849,7.79672541993315,7.60192997941303,8.81116115734319,7.42612998463011,8.23355361392476,9.00238086553385,7.63510176910667,7.84925166290463,9.18166277811114,7.24522678660391,8.05578474245061,8.74538211981433,8.67907549402214,8.85690501989818,9.0697849519105,8.50957690768779,9.25110367023614,9.4884167935031
1998,8.49164910962975,8.37790824830755,8.22554796875622,8.27479123773011,8.68263071106721,8.53970111869961,8.15181563855812,8.29241517317676,8.60317393214756,8.66401316413869,8.98515329444779,8.51803542927672,8.63340227763032,8.9255761562854,8.28558552205289,8.55211775930646,8.32627040537203,8.44315112399917,9.16614322330809,9.37028790871351,8.89217232599312,8.88295371391909,9.00787387482889,9.61912201638397,9.13317089091564,8.9255761562854,8.05329926685587,7.7705779099977,8.1664281273392,7.78794435657057,7.72454837277836,7.89923896942297,8.28961396344695,9.05103523699822,8.07239466144405,8.11222461872767,8.81230028666507,8.89818572001577,8.54889470813942,9.15100081583391,8.56489548829877,8.63794568025083,8.6863861548615,8.2351607044226,9.46332899423129,9.02086780156867,9.14716517459449,8.45548693620606,8.92016091872547,7.92489476806742,7.80089282264195,9.06476195062004,8.02050407564517,8.28842970709304,8.96346761141821,8.20702146329071,7.61951348979428,8.85330427519716,9.46222352848556,9.24620934305168,9.12522837604724,9.14334586001903,9.15824268576739,9.15115107398419,9.33063930530317
1999,8.86657633846541,9.16908924839113,9.00628396915851,9.25739564596792,9.28694766017931,9.44166514575696,9.03978855422664,9.56915202257422,9.58295260483492,8.24349106329077,8.07243906981204,8.26208778164491,8.07396267925899,8.51798788584166,9.15039479885436,8.63256117712229,9.02501058075076,8.67443365680318,8.80863221732195,8.96056939710412,8.64748068776579,8.35202201345235,8.35825764972518,8.91851699249905,8.9973697035769,8.51798788584166,8.70418994545255,8.35746776916558,8.2813645236305,8.63653607200303,9.06235062783471,8.40786421815324,8.4274268947172,8.18474656236655,8.83111618428261,8.59580381063944,8.90592965056823,9.05472345978879,9.08359599452839,8.71271201710991,8.83034116300479,7.92546558970812,8.06110282549683,8.49431070537274,8.63558834054562,8.77468210557654,8.52762341730911,8.38075934489087,8.5512061039437,9.12964674050325,8.93719912212241,8.52680690942186,8.85192846877051,8.92955933737178,8.34714051816452,8.87057433773618,9.0051748864322,8.61894259253992,9.13934140211301,9.0591394347451,9.48010805773146,9.26513244177494,9.18587215277905,9.27811635002488,9.19633421461271
2000,9.12517497809236,8.73423353544255,9.30536214897054,9.56185668920245,9.22592710588564,8.99737567968906,9.60726622998044,9.16606393488573,9.47923482633581,9.15069936341327,9.47021935499688,9.31664199806425,9.47271862830242,8.08709736149036,9.21745590635151,9.29052576817466,9.36908730345133,9.25122612053015,8.51330041322827,8.14615288029729,7.95405608618201,8.36254542525021,8.25181421090003,8.30235889128989,8.7967056029409,8.08709736149036,8.85569812936405,9.11475308148162,9.09502898418359,9.44967595548618,9.32098024248074,9.37155678220168,9.48201371344005,9.66334035871369,8.80481636711141,8.99955903118154,9.24097509156181,9.51794005690104,9.60490472357675,9.14723751868816,9.50986914133622,8.24590435880285,8.29653496432791,8.51996716995271,8.66126287367428,8.71120535120691,8.85821648800483,8.83664114653415,8.57181532992592,8.22026656853137,8.98991179565958,8.63110633166573,8.23781515357115,8.88057536886712,8.87092609313319,8.88029487517926,8.46132912130988,9.11938860269524,8.09674404488999,8.32715153923715,8.02914099815486,7.50018882306861,7.95796925688901,7.97373861407783,8.21759438064974
2001,8.81068684701902,8.84934317613564,8.85760648231885,8.59936648013334,8.89333723242328,8.74523433800181,8.84836213534823,9.56866081007161,9.07758844774897,8.22093009776934,8.35951911592073,8.29609077990156,8.50732647628619,8.44021298828279,8.57459722902056,8.66064720042317,8.72956874342307,8.9349989545981,8.37318605558963,8.82314452914003,8.23067598029496,8.17428714578062,8.32932942946657,8.15173810849888,8.61860008014308,8.44021298828279,8.01561991418461,7.70830120039793,7.48581349092105,7.45862217167736,7.79367968986448,7.63435189003296,7.83625997157006,7.97551811700621,7.92485788288424,7.88084409197525,7.38331473743068,6.79319874796464,6.68840319842453,7.62784045845253,7.17114275641601,8.46121660276784,8.41892020903572,8.53298458817399,7.90328802508519,8.40191389594317,7.99663070184266,7.85756846555412,7.88068915499761,6.62954207424141,9.1266332273762,8.02566436802009,6.51285767522222,8.9611257153379,7.57690217925537,5.80049122886096,8.70563968389978,7.76273205939907,8.75153714197157,8.70251076716527,8.81799032278921,8.53245570114297,8.66979571917623,8.88960301259114,8.8978679159175
2002,8.16292491455227,8.02129614046414,8.25472215137847,8.13052771394412,8.13089425488033,8.33856820829599,8.25062321869976,10.028913037429,7.27193506299842,8.96266183207483,8.95459397338808,8.84810581644227,8.87755300251309,7.85444492609977,8.25905828569977,8.28044881019317,8.51411455165905,7.459872836801,8.18083032996277,7.8059821330432,7.94132441971834,7.984211588768,7.83258468918227,8.08745895449115,8.08504576343459,7.85444492609977,8.18607802960024,8.01575875458855,8.38123844776243,8.51216359967399,8.26076398280227,8.02246117472913,8.10584871210845,9.24058256986947,8.19975564382068,8.1282081477048,8.53348583990585,8.37074195164316,8.76415043903003,8.68586506248002,8.67088896024339,8.86019972594838,8.81086584099727,8.65408352806554,8.77365809365383,9.0190934220569,8.64302090734255,8.74228070568377,8.77185226495848,9.37508561096439,8.43518631151722,9.0020317034722,9.0286005161674,8.59595003744212,8.97691084368768,9.32524894789536,8.59024420985113,9.01172686245965,7.93042806206506,7.85139656692072,8.16083478150911,7.84889059262804,8.36601012960713,7.84821599612069,8.60230049086018
2003,7.9251003331653,8.08107126354899,9.80785062231589,9.58605960132752,9.88534777186299,9.58225499130416,9.75601368348159,9.31965226217234,9.06845303231328,9.51695490929258,10.0017481191452,9.98771321482599,9.67459373668716,8.33856234893656,9.40188393898766,9.47167586520819,9.45783104200239,9.68877012954491,8.19407911330873,8.26136477815802,7.95440083948949,8.12598382055968,7.85860478915548,8.24516474077304,7.93952175818597,8.33856234893656,8.0838906135877,8.48657023773022,8.51890564400023,8.30481516588368,8.53104647693403,8.19976632561333,8.04353251947237,7.49850619964258,8.84735867227033,8.48768791311394,8.57313966578963,7.87512829699017,8.20341107597536,8.96508147056236,8.46277124208001,8.58028925409109,8.34693979196311,8.45522537217016,8.28265424406799,8.2158888257693,8.63416869196299,7.95595763622391,8.76292428354795,8.38980899374337,8.82129259254491,8.48679574422681,8.49851644201224,8.83100392715387,8.35613113417456,9.22399185790373,8.83627829431375,7.97083125963823,8.31822598445395,8.13514811980943,8.54101716079717,8.36980619997945,8.65985546291361,8.29207721726888,8.23081793213868
2004,8.25512542084758,8.2657708208889,10.4782658902221,10.8164547382737,10.7724916254674,10.7115200663905,10.1650729883153,9.5380428699082,10.3065048042396,8.55907677403799,8.26763743632614,7.99369576225949,8.39433495324948,9.76296111651469,8.00006487231613,7.82584949265132,7.9785681733674,8.36094033096989,9.96867723864416,10.1569805697293,9.61321816674011,9.81026485862374,9.69321799592452,9.36787580301715,9.79152846804738,9.76296111651469,7.99496474731893,7.94123931556611,7.75113665603126,8.0791075441643,7.68213483589532,7.74928100573571,7.2093468444533,7.81620002608242,7.33688420914011,7.85796296072668,9.00329617537698,8.93336250083968,9.16458114278428,9.82081822252104,9.16944952745135,9.75269734394255,9.17517217125821,9.4241847586022,7.97469251481098,7.81122005877414,7.75470678038083,8.12271150917297,7.79622149039692,8.98298323944714,8.71000264702916,7.89600049038243,9.14777404473273,8.53509434339127,7.83726324482932,8.87549509373412,8.8425158617564,7.86944059316431,9.18213921174222,9.50280045353684,9.45172779637393,9.15485161389465,9.34880527779375,9.40075416099935,8.92368131007648
2005,9.4152742848629,9.24845726551401,9.52539129413469,9.6542960253779,9.29917475249492,9.78090967664841,9.40070881554019,9.75096757307388,9.55436219586122,8.09101868209533,7.65840237309451,8.21825029096952,8.44712163193078,10.0005525958103,8.91864535801747,8.84544234043777,9.10493736582943,8.83521367499673,9.33914517625761,9.60544625618689,9.64423170786712,9.70414855611357,9.8558268012563,9.10335183725814,9.41823034245502,10.0005525958103,8.72193469882381,8.67512504563386,8.85726870744572,8.59971508325589,8.47638118825826,8.67527230415673,8.37699865223321,8.48549369440917,8.57139498729488,8.51233261960273,9.26249035547662,9.31034291627256,9.60018595043261,9.17252221024448,8.97691820613558,8.65374037448155,8.09282126335988,8.86606635790911,8.24910372005553,8.10818020814788,8.32275337111931,7.99815391837376,8.177593783361,9.53098802210649,8.94462616051768,7.81786437648821,9.15683496600055,8.92238191694987,7.88351039643902,9.30175357116921,9.25850081618798,8.40452256164832,10.5962663040126,10.4631549337505,10.5286444991563,10.577898508667,10.87186211521,10.313725182381,10.6162555015582
2006,,,,,,8.03369188458001,,8.92182727995298,,,,,,,,8.67018536378521,,,,7.98345107067288,,7.74376431478417,8.27584573487047,,8.39750472627728,,,,9.63568938917016,9.44567646215781,9.35391371271618,9.55700368828776,,,,9.21803166839815,,,,,,8.93609994813438,,8.94552096228566,7.52744659886266,,7.30687036304747,7.97391823732028,,,,7.22823410015984,,,7.53533067917249,9.43975735439253,,7.82196077795786,,,8.97540639525533,9.07191421758731,9.00550568315597,8.86571145998213,
2007,,,,,,8.96273611860724,,8.9572981228864,,,,,,,,8.91135275486591,,,,9.33426910513438,,8.83395522652267,9.00576389744269,,9.30913121313524,,,,8.06865184718275,7.85261252601899,7.88829965044189,7.71652029870121,,,,7.7542859340382,,,,,,8.70926160177799,,8.87385166932848,7.45297045296466,,7.59427017323095,8.1211866306029,,,,8.15979042443777,,,7.79282168927397,10.314199927018,,8.21202873246285,,,9.63279167719111,9.85243705188828,9.98200183867958,9.61945136247008,
2008,,,,,,8.65047445789523,,9.00334627449022,,,,,,,,8.90245644363944,,,,9.86088911643848,,9.62472638688957,9.36116750515307,,9.66226771431337,,,,7.61855025205733,7.83675805197469,7.82779734330851,7.60823375333324,,,,7.77460101062314,,,,,,8.49486501740744,,8.54248007018325,8.53780168743325,,8.71216443314829,8.73997276343087,,,,8.41370856128831,,,8.57788840420692,10.3606666061473,,8.71843063549727,,,7.656565145817,8.03738207103882,7.55891624321016,7.15682137356101,
2009,,,,,,9.26679597971146,,9.82180290214949,,,,,,,,9.60971325990201,,,,8.7307106074067,,8.98587300413827,8.84930108192877,,9.04939049593631,,,,9.31813455382906,9.12687858789104,9.05048373143698,9.3129180321344,,,,9.4429826042957,,,,,,9.39454900143998,,9.11740859847069,7.46906084425348,,7.60499458904612,8.10530330764148,,,,7.70432800301837,,,7.66196318318003,9.24391860817775,,7.64388254991931,,,9.7261575675208,9.72831987125031,9.90545546085834,9.48606843314708,
2010,,,,,,8.91793449602376,,9.65253434698095,,,,,,,,9.27653057259419,,,,9.24032968566654,,9.33770833206624,9.36694310983752,,9.31784389511471,,,,8.72192516335326,8.703005895868,8.36594490974071,8.78388630990682,,,,8.54859386255493,,,,,,8.3574176595499,,8.76240811915638,7.51724061426306,,7.3296204565586,7.7119088890223,,,,7.27134418260714,,,7.32584407486885,8.89852509172119,,6.65337877344718,,,9.87961413159011,9.77593378383972,9.54640168860746,9.48995267360848,
2011,,,,,,9.1881936785368,,9.64086883036217,,,,,,,,8.92034843359558,,,,8.60811400684356,,7.859948594988,8.35197080649159,,8.22642924026018,,,,9.22946702613816,9.18070420212364,8.99583431696778,8.95184041074759,,,,8.77027614960587,,,,,,8.69012141032178,,8.97033699886612,8.36332812918887,,7.95925425247909,8.11570257618319,,,,7.85779166351248,,,8.35118202398976,9.27300721108654,,7.761374032081,,,9.47763822204733,9.36763997417143,9.49288258593095,9.41932803312047,
2012,,,,,,9.66564352114136,,10.1719813306837,,,,,,,,9.53644119611801,,,,8.08058248802216,,7.64911394266374,8.02542325259404,,7.79856632794555,,,,9.63013425988593,9.3743421669633,9.03078563895046,9.31808397927375,,,,8.92082827691838,,,,,,8.01518475355169,,8.18022607452595,8.74972911890881,,8.64253957724276,8.44454539655508,,,,8.28996254093619,,,8.55431040930953,9.35078408014445,,8.25098738266891,,,9.17600426476822,9.19571595624665,9.19627608402793,9.27965952134117,
2013,,,,,,8.47319044262491,,9.26586482001498,,,,,,,,7.67871010613279,,,,8.46136271712614,,8.56123331021337,8.71181309729349,,8.65605492673068,,,,9.29256843315793,8.91085233509291,9.37031016922669,9.42926116560894,,,,9.13082209506012,,,,,,8.5980902340873,,9.21379229320918,7.95576487279269,,7.68682471384428,7.57131275318206,,,,7.93204199350005,,,7.64072493990346,9.1480468894613,,7.62443834414708,,,8.55712314259344,8.61110249714595,9.01633041393011,9.23496326287563,
2014,,,,,,8.61633482791318,,9.42335660144509,,,,,,,,9.28575462533123,,,,8.53718846359275,,8.7071649127451,8.90397084477692,,8.73231612826966,,,,8.54955593455787,8.69540062107972,8.63920568292624,8.97517762773137,,,,9.09618980300228,,,,,,8.99162668924506,,8.76123857502855,9.11935627653531,,8.81152387516898,9.28219028702815,,,,9.17789835985234,,,9.36898891957034,10.3128892328183,,9.06833844048115,,,8.05176095847317,7.93698542506763,7.72858631707727,7.79442028992844,
2015,,,,,,8.377245069206,,9.47609469252786,,,,,,,,8.22660716190588,,,,7.94750547821408,,8.10698129077079,7.94625044544248,,8.08993391519414,,,,8.83568666801828,8.26223987281268,8.45530333560592,9.12352255774808,,,,8.30643290902066,,,,,,9.56453003304509,,9.91951426814172,8.31502054371159,,8.51675159700077,8.78634859016991,,,,8.52886799086843,,,8.67665442923014,10.4946897335613,,8.3592804498576,,,8.41245893551646,8.60972360166758,8.42569318622484,8.60052566808488,
2016,,,,,,8.58240984179954,,9.56492036952271,,,,,,,,8.43877548447518,,,,8.699912294322,,8.97533274848513,9.05680188309117,,8.69912400630231,,,,8.48320543432306,9.15148283821171,8.76576290127502,8.83624463124835,,,,9.1050833957117,,,,,,9.31493207817104,,9.44834077410464,9.00721495213721,,9.21233463772185,8.72018681276231,,,,8.93641302769253,,,9.38497307245756,9.6162036451603,,8.92745589784445,,,9.17046167752453,9.88340256886821,10.0055008855076,9.482928005273,
2017,,,,,,9.6545317982242,,10.418646144118,,,,,,,,8.50143467156788,,,,8.85447675285466,,9.38971278181705,9.34996650711613,,9.35063846074276,,,,8.14875591497709,7.76666935819936,7.90368819390995,8.56003660290624,,,,7.53096837915259,,,,,,9.06377136808145,,9.24181450886475,8.71328801959567,,8.64031144235941,9.33394848479234,,,,9.19001777947553,,,8.7825426980859,10.1414813863773,,8.47933261438222,,,9.45243406600409,9.21577203946557,9.4511565197843,9.36345144247478,
2018,,,,,,8.65748435617795,,9.34235876357217,,,,,,,,9.23593483528226,,,,9.91420115887093,,10.1027819966625,9.98322212769504,,9.93890191569104,,,,9.53209908456283,9.77173318721286,9.43468915780098,9.71512384059502,,,,9.51660714048231,,,,,,8.82670943707024,,8.66709346850862,9.15542439137081,,9.34379089814484,9.09134963612154,,,,8.81406303129714,,,9.11935180061703,10.3919555536738,,8.73699840365696,,,9.49342736729031,9.62755423832575,9.50305141809868,9.3020872170732,
2019,,,,,,8.28975600582387,,9.43848747173041,,,,,,,,8.44855332840968,,,,8.77271218066294,,8.9874513839396,8.97641559385869,,9.23051850309864,,,,9.30845506702381,8.88877972157929,9.16438182827882,9.05903174200141,,,,9.17813424543255,,,,,,8.64751916396446,,9.01385479572215,9.34291048442025,,9.01356579366653,9.51662688336944,,,,8.70145934966301,,,9.15722254061449,10.0066695183255,,9.06757829647981,,,7.75566449961913,9.23835533535786,8.75682068770503,8.7480753789681,
2020,,,,,,8.87670072612877,,9.60376651392422,,,,,,,,7.67684061748837,,,,8.27138932959484,,7.98656651865201,8.22478986978975,,7.85461154784758,,,,9.65517203063801,9.45511522239718,9.1848642564214,9.33248593769769,,,,9.22974687464511,,,,,,8.81355996540877,,8.96445212372969,9.02609926780425,,9.26789918658606,9.61493595873104,,,,10.1337342127002,,,9.84809130662333,9.70057632541545,,9.65016895622546,,,8.34036219715977,8.73182434629626,8.39632051630892,8.3584922973585,
2021,,,,,,7.09134284241518,,7.76145007661178,,,,,,,,9.27886417515352,,,,9.00919252752602,,9.01909106429052,8.58653195662219,,9.01077440499907,,,,9.24399207126631,9.26861553706124,8.81190893127283,9.28192728001367,,,,9.06546422313905,,,,,,8.35839633725707,,8.84266425210501,9.56773376488094,,9.91626552195245,9.37786547404563,,,,9.42924935902254,,,9.07233414088531,9.67231162502059,,9.50093106078604,,,9.1459630841338,9.59326759798312,9.2133629058971,9.17873625543399,
2022,,,,,,7.99785347287029,,8.70319703353325,,,,,,,,8.2413552428588,,,,7.79588935722337,,7.92119996522957,8.03058437608359,,7.71300643494889,,,,8.86932013281137,8.72769288938019,8.66025068454848,8.79954341204745,,,,8.59476232491474,,,,,,8.61111106161396,,9.22241320426726,9.58032619115288,,9.31640064643121,8.94778130032222,,,,9.31292871155494,,,9.42089954437333,9.30354486276587,,9.33697511254289,,,9.6235228007941,10.0181982573409,9.72089727024988,10.3386894035077,
2023,,,,,,8.31799642608005,,9.31334488397498,,,,,,,,8.36079960514441,,,,8.71382352241841,,8.81729875152733,9.44395960215911,,9.35889392061271,,,,9.58135966106941,9.43231213509313,9.39004949221183,9.59032346313218,,,,9.63047745621714,,,,,,10.4338954147612,,10.4294176944052,8.41582227594487,,8.49630841282706,8.44198687074205,,,,8.52807285441889,,,8.07236208455702,8.92691025488513,,8.1920062293513,,,9.77969897477029,9.90696909576118,9.61497666040073,9.64188057548323,
2024,,,,,,8.19976135375393,,8.86214011027692,,,,,,,,8.29277813302927,,,,8.2129207226024,,8.02023895426999,8.64553619266327,,8.20299627150867,,,,10.7734559980861,10.4525370569077,10.3647212881117,10.6978994567669,,,,9.87226054956351,,,,,,9.3192827905649,,9.75669084303129,9.19708221840202,,9.15025125713519,8.54487354579814,,,,9.0704020840929,,,9.14261389292931,9.98261235809832,,8.65422220500646,,,8.96823174781522,10.0998052544381,10.1671654075683,9.18178258103749,
2025,,,,,,8.87897282238025,,9.30800201556117,,,,,,,,9.46893256649825,,,,8.20539053826861,,7.91717010520632,8.56410080677492,,8.02999837323401,,,,10.1840052818188,10.2437907564456,9.95754206611205,10.1819781997557,,,,10.2456015284592,,,,,,9.44705901117964,,9.6205625806413,9.20429814367754,,9.01774344132799,8.99935001061862,,,,8.86609741000685,,,9.18965889303223,10.884881698041,,8.76138244806989,,,8.58350967811767,8.39111202705324,8.47677911460282,8.5876904860515,
2026,,,,,,7.4816216690982,,8.00280761798538,,,,,,,,8.67487772518459,,,,8.92977979974554,,8.81697906105125,9.2069056989534,,8.58653481692052,,,,9.75054179162139,9.89561043031027,9.91518615968067,9.91790873487625,,,,9.31489410677633,,,,,,9.67377140001697,,9.72524500451789,8.94179687490582,,9.21183419024288,9.00950655326169,,,,9.07794312304165,,,8.9600519780418,8.1592041612919,,8.87337980445196,,,9.56867942009037,9.45236355250893,9.51507805650086,9.69929227343855,
2027,,,,,,9.43294006477659,,9.7160296349919,,,,,,,,8.61972806156782,,,,7.32807347748209,,7.77997730845432,7.85010427141071,,8.32310200288663,,,,9.19149208012782,8.92251205421925,8.71618116925637,9.01918464223368,,,,8.41011826843956,,,,,,8.80968242197423,,9.63751998836549,8.8052501711879,,8.72687982192169,8.93248794556506,,,,8.70585544216719,,,9.25408841010184,8.67172822038652,,8.57576802213625,,,8.98800918988165,9.59775945912952,9.02214024671908,9.62423201329595,
2028,,,,,,7.77663549389966,,8.9669641109942,,,,,,,,8.80969582159985,,,,8.90618937021553,,9.10878102554823,8.70317076755791,,9.24603329163047,,,,9.91113197973117,10.1241532485425,9.87683895979146,9.82443609209813,,,,10.099483587381,,,,,,9.12686000571649,,9.20187054451631,9.74250264930321,,9.56087395316863,9.26131673507312,,,,8.99835447439603,,,9.2294654432777,9.86887474111156,,9.05612569850796,,,10.5240837809767,9.73568693692724,10.5613166315199,10.1594489835746,
2029,,,,,,9.26684416288921,,10.2530255443167,,,,,,,,8.44397156312215,,,,8.82554776230093,,8.60598518139747,8.7526128531472,,9.23374893668133,,,,9.21220832256854,9.13281408712886,9.12724919750353,8.94573156837619,,,,9.01552255452472,,,,,,9.83489548000072,,9.94019844457907,8.82492875045739,,8.8726288122184,9.37767072806909,,,,9.09016189733649,,,8.98948585156603,8.41952176558444,,8.88937199749016,,,10.0863231485681,9.90514468924953,10.2836324349663,9.77391432462403,
2030,,,,,,9.15450058183544,,9.69999524404293,,,,,,,,9.20237096838928,,,,9.03339692169242,,9.1013359992281,9.20625186507576,,8.88197163884848,,,,9.54457526466339,9.7654822010043,9.77013689869883,9.98517584703974,,,,9.46838696695786,,,,,,9.46347073930022,,9.40203211635766,8.746421900969,,8.62421608797319,8.88783923525652,,,,8.72039267593705,,,8.9151701284677,8.9534683030869,,9.46830018675665,,,9.91393673022678,10.4809441329447,9.97734128542712,10.0880790365348,
2031,,,,,,7.42943147975827,,8.32583532650138,,,,,,,,8.68969009383706,,,,9.60092822488303,,9.28705617102081,9.85031367650638,,9.31331089289009,,,,8.97535317279612,8.71891176638323,9.12158846369129,8.96808449086145,,,,9.13642641413894,,,,,,9.39021101463192,,10.0029400258557,9.44872608269773,,9.31717406706743,9.41992158160294,,,,9.51889972340929,,,9.49516196227813,9.95209803173765,,9.54930543446715,,,9.6402474083373,9.91966314109968,9.25151114288513,9.90917054275711,
2032,,,,,,10.2575471985242,,10.4550330440392,,,,,,,,8.538753528136,,,,9.30447099534622,,9.35275261416607,9.44142567339405,,9.20747059834855,,,,9.84839621486348,9.58066357272284,9.36388963839929,9.89197946018685,,,,9.59865835399533,,,,,,9.49370593120853,,9.98452323434947,8.93726388493834,,8.94357765592934,9.48192005964973,,,,9.02512443385103,,,8.78603637138281,9.23303781844835,,8.87823786870903,,,9.41591695779351,9.61246890216102,9.91892100629417,9.75097809776153,
2033,,,,,,8.64802868819654,,9.35649033649433,,,,,,,,8.1922693518618,,,,9.08059394279409,,9.19749258647163,9.28378997559072,,9.46090408320228,,,,9.92197051176718,9.98068315257886,10.1359491322788,9.66905743051414,,,,9.74152571859479,,,,,,9.02662854319715,,9.38763843367128,9.4607225880493,,9.55006564895839,10.1220676401364,,,,9.53296947473488,,,9.67926807185027,8.11930853912209,,9.23087652889649,,,7.35615473243768,8.35401864109447,8.01841053230504,7.5358502294755,
2034,,,,,,8.9182495660878,,8.99900766818663,,,,,,,,8.52038275686298,,,,8.81279299087589,,9.01308827335536,9.35708838139904,,8.61718643746519,,,,9.69921251605926,9.41345904019632,9.53010578994997,9.95437394618849,,,,9.68000421642592,,,,,,9.21043944454704,,9.23791227674569,8.97398517086219,,10.1846372606712,9.30780351486845,,,,10.0044512132046,,,9.30310331749837,9.30467688163746,,9.79699334999812,,,8.96491940133447,8.45845984325902,8.59494770540184,9.01778108669635,
2035,,,,,,10.0389887190716,,11.3933001373519,,,,,,,,9.51098202557875,,,,8.79175623343383,,8.86538788669368,8.77144562518347,,8.98093906990845,,,,10.1193067236878,9.83938923161273,9.67326577782989,10.0861454972138,,,,9.73014486103271,,,,,,8.25662513067591,,8.71027718231699,9.33934856239778,,9.49732478889075,9.12813142642286,,,,9.77841667591887,,,9.58981850953096,8.37929801777803,,9.60652486040389,,,9.61583720818416,9.89969488603579,9.66387626413715,9.69525543538399,
2036,,,,,,8.83634591962851,,9.23251133208102,,,,,,,,9.02760626094062,,,,8.65929317736515,,8.61524923164758,8.76212377403343,,8.69636955279934,,,,9.87481806166446,9.66456848561206,9.65641588096888,10.3314607656158,,,,9.87698039901056,,,,,,10.1907150312854,,9.9893033936652,8.65053231079207,,8.88382769416332,8.87840724890319,,,,8.88347314657609,,,9.02165219639326,9.38156727944292,,9.17030026184096,,,8.72025581361406,8.51651858243747,8.5407235982924,8.39826550967102,
2037,,,,,,7.94797361801856,,8.90052610550413,,,,,,,,8.90871206179874,,,,9.15053878536917,,9.08640594651659,9.25785223621358,,8.9828637626131,,,,10.904854159392,10.5682968687517,10.2626167927783,10.5866552594668,,,,10.5012017722174,,,,,,9.62072579515467,,9.45234315700385,9.57951283522115,,10.1278454621549,9.67312703855599,,,,9.91618059753732,,,9.90782488105563,10.2909546339821,,9.72576418969952,,,9.63666625500638,9.80388104211327,9.48980265825457,9.55810267581604,
2038,,,,,,8.93197499850378,,10.1030046354757,,,,,,,,7.99669551952355,,,,9.82088485320821,,10.1312492806223,10.0303778582378,,10.0473909721044,,,,8.62615289697281,8.30081472387666,8.10750365284807,8.62797504950083,,,,8.09469450493221,,,,,,8.0598305930662,,8.14307442394061,7.46893780658042,,7.51841372206639,8.13834799453374,,,,7.8289612989892,,,7.82253495830813,9.86462041455194,,7.52033263616592,,,9.59398385731765,9.39070120239998,10.1920112272465,9.56548351919833,
2039,,,,,,9.70910408392655,,10.0739343272739,,,,,,,,9.23570073952347,,,,8.61232382679969,,7.9538407966238,8.43023955079649,,8.33663317673926,,,,9.26828026303386,9.0508414409033,8.83369449881488,9.54083497236762,,,,8.83591198028892,,,,,,9.92986382145343,,10.101380908812,8.78944570545839,,8.64404867551001,8.77941614053188,,,,8.92815502040759,,,8.7523483896055,8.88966399491752,,8.82911656042617,,,9.88332770869886,10.2428991961198,9.5124887630509,9.79593451153706,
2040,,,,,,9.1284502677128,,9.81061251871172,,,,,,,,9.57481874585323,,,,9.4427510451031,,9.6970245419598,9.49375876752049,,9.76255820879811,,,,8.82042461985067,8.48318242606695,8.79174163494961,8.30343463183542,,,,8.10926885520423,,,,,,9.55753467654964,,9.48827762697586,9.65965210761393,,10.0826625084397,9.43595968400344,,,,9.35338330446309,,,9.8752733254731,10.7129021123153,,9.63939556665562,,,10.4127329153286,10.1305732095936,10.6814234872684,10.7063267029412,
2041,,,,,,8.56276289229061,,9.49424557512664,,,,,,,,9.10253067229363,,,,9.71001230809006,,9.85576031942443,10.0540336541913,,9.87269974635066,,,,9.58110942219988,9.30460368762733,9.16126851817346,8.95441430727697,,,,8.95227006191104,,,,,,10.406597184858,,10.4239240493309,9.37955013414466,,9.51842888044934,9.39579732860769,,,,9.39548286637381,,,9.64811955273762,9.39002869686427,,9.27024055441448,,,8.95801572751657,9.25557883297314,8.58197017214867,9.16115127457943,
2042,,,,,,8.84573765871415,,9.60764323013045,,,,,,,,8.70334710397502,,,,10.2464368031734,,10.0809939272865,9.81267507942004,,9.64247066168345,,,,8.73458433284314,8.62220602498456,7.98661213635715,8.52953171230318,,,,8.11407035184246,,,,,,9.18169331023097,,9.04111278940227,10.202617097003,,10.2518600304586,10.1202369433627,,,,10.1197747096103,,,10.3630358370271,9.14388303204833,,10.1055947832564,,,8.9940714952804,8.87491470376312,9.08268059143847,8.98665270565574,
2043,,,,,,9.44853327847167,,10.1587958410309,,,,,,,,8.89069558976102,,,,8.91517544092516,,8.72349562090788,9.10107204001971,,8.96900618658568,,,,9.90822408072244,9.61711661544079,9.23871654566785,9.94044816953452,,,,9.63396295608139,,,,,,8.58611930655834,,8.76870215141913,8.68528876847508,,8.25591755211713,8.56199723912402,,,,8.37508821926422,,,8.23928309590729,9.01549498143053,,8.20821267873695,,,7.87088965972305,8.53593539221183,9.26364527572199,8.44111202511621,
2044,,,,,,8.66251523502073,,9.35705463005758,,,,,,,,9.90252763753458,,,,9.96673811462449,,9.79455956697654,10.1116826902357,,9.75852784974994,,,,9.968583775946,9.68761290174062,9.41163289475342,9.70557783868584,,,,9.55461967634735,,,,,,9.27914846170664,,9.44740024622475,10.3066031542815,,9.97720065403244,10.2193304486624,,,,9.9315466485269,,,10.0254337078601,10.7384019397672,,10.2017936669334,,,8.27966499144343,9.03016368934359,8.61029870386224,8.56659602360206,
2045,,,,,,9.21507421020595,,10.1353854579151,,,,,,,,9.33061340834766,,,,9.93333522282621,,9.52689503175683,9.47286521044893,,9.81583116624811,,,,10.6148955032728,10.2584991063601,10.3563494817051,10.6930815938736,,,,10.8840276598309,,,,,,9.74390087637835,,10.0091001569795,9.00495798805095,,9.23058838883655,9.26565196279916,,,,8.96014017258752,,,9.10272476029021,9.04426078204791,,9.59411204789176,,,9.35734076302234,9.94968008718135,9.85507826779888,9.67613676766649,
2046,,,,,,9.31257505575055,,9.55416437132568,,,,,,,,9.97315479129899,,,,9.90708801694812,,9.34227327992331,9.59267203567972,,9.83160006952025,,,,9.2576653232693,9.63979994028297,8.92743307220605,9.77344445223219,,,,9.77644218439431,,,,,,8.93979283773191,,8.83134439313501,9.07266724460879,,9.50227328212684,9.61750515886889,,,,9.49152320269747,,,9.2546044869172,9.90737963034294,,8.90338961981837,,,9.39359084366059,10.052181513943,9.53463843736305,9.57872466947281,
2047,,,,,,8.8678577606839,,9.63800147998976,,,,,,,,9.73453479458312,,,,9.14627949221688,,9.36554413033642,9.58620856052262,,9.37568582751031,,,,9.74630768468273,9.48937060051708,9.44966473390397,9.53561948062107,,,,9.13426754703409,,,,,,10.2189674925416,,10.5344666597346,10.7802551071452,,10.4617318488126,10.4158894450548,,,,10.4574711340703,,,10.5843057933047,9.87659928366312,,10.7666282983553,,,9.07947579773772,9.15704784309785,9.59710142248095,9.62550104040155,
2048,,,,,,9.12192481611369,,9.28892509347903,,,,,,,,9.67366672922465,,,,9.76832258071527,,9.86454670367748,9.81576655674332,,9.88239542539965,,,,10.050817964944,9.81229145112376,9.62967410091123,10.0245257574381,,,,9.58228134267411,,,,,,9.23113210737985,,9.64390262924589,10.4237903251959,,11.10920342758,10.5342635721861,,,,11.3393148600065,,,10.6075012943033,8.92974808815857,,10.7114443101537,,,9.14929976676256,9.43792112316408,8.83309603321901,8.96801196079301,
2049,,,,,,10.1659626477136,,10.9536203057442,,,,,,,,10.0163559362642,,,,8.85155186763471,,8.92501905507973,9.59687338924763,,9.34497647939686,,,,9.47903849181137,9.00582826087346,8.8149154676311,9.14923788436037,,,,9.16421774672964,,,,,,9.20315080117934,,8.97093557732086,9.67276602219178,,9.73612404274981,9.51294561304018,,,,9.67838315691286,,,10.1479049619815,9.8903512566096,,9.71149582589424,,,10.1673111542318,10.3132544953657,10.7216158604982,10.5651247810842,
2050,,,,,,8.39307270112916,,8.97692955126508,,,,,,,,9.34211007689504,,,,9.01231748766079,,9.56726369752697,9.96191576756347,,9.68983131186726,,,,9.67454808529278,9.55110841125912,9.20135846759573,9.87703514715517,,,,9.712650669095,,,,,,9.51097702773972,,10.1014264457417,9.30311428823393,,9.3089047293281,9.52312959192023,,,,9.52625052521876,,,9.1887711926784,10.1692559429214,,8.86767251104171,,,8.63864063749901,8.83617690363938,9.31102717602842,8.78437510668975,
2051,,,,,,8.91518890548461,,10.0436257376188,,,,,,,,8.36487050797303,,,,9.46207096686842,,10.1214690322287,10.379321540286,,10.0348715536589,,,,10.104449852438,10.0106417652713,9.69395621421018,9.93958187334465,,,,9.85802000236136,,,,,,9.02287785367075,,9.51321437558702,8.88449605844168,,9.1902841233193,9.17994278590693,,,,8.93765594774775,,,9.06053492939634,9.93781713699126,,9.19997888047345,,,9.52209178591492,9.73600342292254,9.91719532463205,9.66277705148007,
2052,,,,,,9.44700194779382,,10.4238999597975,,,,,,,,9.41947731955267,,,,9.51085309932183,,9.49898191159887,9.77598371433383,,9.43172443132904,,,,9.78431590454732,9.57368319628093,9.71339686965346,10.3530563369175,,,,9.28351962504223,,,,,,9.2182452544806,,9.642639894082,8.63573277339571,,8.30228953748054,9.11037238016852,,,,8.6467412657829,,,8.99195260400822,9.82061377867492,,8.72650889094924,,,10.3316684828212,10.5023376400354,10.4125758763425,10.1340914846695,
2053,,,,,,9.36387728768412,,9.81313111340855,,,,,,,,7.81506291616136,,,,8.43490473098653,,8.57375625733922,8.82301881827527,,8.7352739750543,,,,10.008140573462,9.98258692491642,9.89582843170184,10.337584121276,,,,9.89925456984109,,,,,,8.98479678329697,,9.23557705928835,9.47613475006442,,9.43549489303355,9.79258874568693,,,,9.31720165163035,,,9.42354741955835,9.99576568266764,,9.17426278289312,,,10.2509558496485,10.5197724484639,9.92523189385765,9.93415253367958,
2054,,,,,,8.822185250981,,9.58826764215828,,,,,,,,9.84009373744175,,,,8.68146076987845,,8.37984236325159,8.78506376897858,,8.43859723204182,,,,8.57221298580469,7.96696894778286,8.57860428336941,8.27593332974839,,,,8.46736965789746,,,,,,10.4366645983514,,10.5153114222219,9.68914307650523,,9.00523354974942,9.77460099206869,,,,9.34302259837527,,,10.0862901942939,9.05503392482659,,9.36798318899139,,,9.56594108541879,9.41421567774097,9.33383716157431,9.5540175971587,
2055,,,,,,8.23576276997436,,8.74699564124071,,,,,,,,9.77244009348003,,,,9.75329570903326,,10.0331588366067,9.69613893771895,,9.55907112224846,,,,10.2175471072756,9.76200129243947,9.83717209271621,9.7227330057649,,,,9.62973330794866,,,,,,9.88268602938826,,9.85698983286807,10.129773267811,,9.79173048352143,10.3082087219643,,,,10.1103398920334,,,10.1511862960103,8.55263552956271,,10.3280422501068,,,9.50521879389287,9.71326198154038,10.1520310602499,9.55054624213051,
2056,,,,,,9.51700142229363,,10.0283057415714,,,,,,,,8.90315087947996,,,,9.07836835663678,,9.19771667529503,9.41647905982435,,9.39689879442047,,,,9.45050189897179,9.30493145653524,9.07190609492367,9.40817410907456,,,,8.84301377027345,,,,,,9.81246240984304,,9.86223364901512,8.33027401270988,,8.57230181418827,8.59960585947311,,,,8.72317833238139,,,8.45150364346903,10.0870194047825,,8.51683229206501,,,10.3829723344199,10.1898934280884,10.6391961586441,9.98235182780235,
2057,,,,,,9.55687726252438,,10.1982361703106,,,,,,,,9.35519290508288,,,,9.13478732644133,,9.65686588168001,9.74342382617913,,9.57670157247972,,,,9.98932119607798,10.2816373998187,9.95699360177205,9.9423031872433,,,,9.58202147673463,,,,,,8.82421114629683,,8.55699775348872,8.26589871071979,,7.63352427095792,8.14657036011894,,,,8.04837373848841,,,7.7277020938434,8.5331316010546,,7.43352598019153,,,9.33017760450434,9.81166637671325,9.94245638006503,9.78018111174375,
2058,,,,,,9.69187744571765,,10.5053926540229,,,,,,,,8.84824420968113,,,,9.49767913461455,,9.81876126345687,9.00089274203603,,10.3503231723245,,,,9.46434230119952,9.31642700642433,9.20395392602224,9.58489981421791,,,,9.111311085711,,,,,,9.00414614928049,,9.34007837857647,9.30254847636974,,9.35544453666874,9.30810280742527,,,,9.41075117901211,,,9.60739200410676,10.0482910832557,,9.82598452467996,,,10.410992860447,10.3401552807778,10.5576815046746,10.3108294213158,
2059,,,,,,9.51861196609936,,10.2966262030257,,,,,,,,9.87938933271819,,,,8.94726963684515,,9.34864899473359,9.59079907017677,,9.46583000546369,,,,9.31689338383091,9.21716707501,8.89940625661315,9.28311992121734,,,,9.02427297480115,,,,,,9.66479208977228,,9.53965605978885,8.59211703883503,,8.70340297006512,9.27708871030086,,,,9.10434396139494,,,8.62615834454361,9.92218264428839,,9.11193576937172,,,10.1167209817079,9.43825325477516,9.82994108979982,10.1487528391849,
2060,,,,,,9.71575406033653,,9.95952336030761,,,,,,,,9.09928304671439,,,,9.32950903616321,,9.3532633289329,9.5126281849139,,9.75393107883507,,,,8.91156870402735,8.9626741414841,8.85751158011233,9.2349453716835,,,,9.01184923257237,,,,,,9.20362707626277,,9.57135838792912,9.24584349888692,,8.90392475929977,8.64275512328997,,,,8.62052687631118,,,8.59400539055462,9.37034077699965,,8.98109270110334,,,8.70474972702893,8.68041220272636,8.71914752975865,8.70930308221062,
2061,,,,,,8.67728466856999,,10.3011039011761,,,,,,,,10.5492418743895,,,,9.68564773335709,,9.8058750095833,9.76760303469687,,9.82293769075453,,,,8.31655633205915,8.10070710026063,8.13923099658242,8.04468107735341,,,,8.37311099000648,,,,,,9.07769816310167,,9.30291918321221,8.20831066735877,,8.22183674225903,8.40851996408712,,,,7.9661736521357,,,8.40596014092735,9.33622847962318,,8.42786851472864,,,10.4834344509367,11.0213788374996,10.7087707096483,10.9944576231629,
2062,,,,,,7.84116481414885,,8.69525400255344,,,,,,,,9.51351444184571,,,,10.9289267899273,,10.9987834636728,10.7365572418999,,11.4204885682386,,,,10.3196371874788,10.3363369609101,10.3924262259092,10.8229958803328,,,,10.5761269795783,,,,,,9.1788721905354,,9.40202056925081,9.39617647676554,,9.16763048646105,9.18809097906658,,,,9.07795555869767,,,8.68923204188604,9.33449763895123,,9.12761688690453,,,9.25120549410959,9.73261965633524,9.20616856834027,9.24526128335299,
2063,,,,,,9.36361151582694,,9.53190730426795,,,,,,,,8.75629469464497,,,,9.68945961761773,,9.59116264910166,9.24275738033439,,9.74439832882159,,,,10.2893830471059,10.2257792474209,9.96446812548328,10.1677572691317,,,,9.83265702172319,,,,,,9.79616012115002,,10.1357155648507,9.80787760262868,,9.85375390498949,10.0653692381302,,,,10.0714531172891,,,9.83515692354958,10.0399352953116,,9.94022753983373,,,9.7298306869967,10.1059831395571,10.0830332506227,10.2055243005095,
2064,,,,,,8.77723646299012,,10.1332579468146,,,,,,,,9.73741013353668,,,,8.93452320726452,,9.15500678012106,9.03486313182849,,9.59519427243014,,,,9.24128490053007,8.6557953824593,8.9443536008555,9.44044361158046,,,,8.92879305006323,,,,,,9.67179052203085,,9.53114141785933,8.13559943676574,,8.46791654936149,8.14847552012252,,,,8.43731448301796,,,8.70849302151666,9.72950712070638,,8.40860053923963,,,9.7946631869913,10.5771985242762,10.1857744230052,9.68745571736389,
2065,,,,,,9.06904639717308,,9.49227248250505,,,,,,,,9.27328119322305,,,,9.11057472035283,,8.85076422690727,9.44068990680451,,9.15071803759363,,,,9.51354752066853,9.61606820830478,9.83948847173882,9.42643146287555,,,,9.27250505906262,,,,,,9.94170466512554,,10.0666677750752,8.55726523159208,,8.96124433913866,8.96932481445895,,,,8.98550322641753,,,8.58714111697578,10.3970162818074,,8.33575342853596,,,9.67315467526922,9.8968044791017,9.86377574620054,9.81820909216709,
2066,,,,,,8.87831160374938,,9.35388230529713,,,,,,,,9.487964231601,,,,8.31893858991285,,8.47775394703354,8.42003142084764,,8.57054101500337,,,,9.25039722372755,9.25414956795534,9.15590883858648,9.17297383427053,,,,8.9759605264895,,,,,,9.52732246393302,,9.94080055766943,8.92207187793257,,8.25327715249587,8.81154677304672,,,,8.75473556076373,,,8.4314573587189,10.5175779096382,,8.96825538409913,,,10.5710976083769,10.3208903786997,10.3231960068127,9.98352566657787,
2067,,,,,,8.51908852421286,,9.24064871818713,,,,,,,,8.66628464704867,,,,9.31961318234843,,9.51709481415604,9.65092893731838,,9.41824340078529,,,,10.4883449921803,10.1503291631107,10.3155116921316,11.0482107507449,,,,10.7309489682065,,,,,,10.3907523779891,,10.365303724484,9.19954059180346,,9.10825150271048,9.16001257046576,,,,9.26767269910114,,,9.17777180885987,10.2877124589902,,9.12699973626365,,,9.68142505342923,10.2915231814759,9.75171703250977,9.52997472208129,
2068,,,,,,9.95228851840107,,10.8111316460018,,,,,,,,10.2246972070768,,,,9.35677362928461,,9.32036224979141,9.72958118501438,,9.48396951816991,,,,8.82303946260494,9.12084875644997,9.02269689296728,9.2167079159649,,,,8.83384507302032,,,,,,9.88035315528076,,10.1940664422942,8.6341411180716,,8.85573551447425,8.28343771482124,,,,8.11914583660419,,,8.82260179493488,9.64317936811187,,8.59496647667158,,,11.7166737312137,10.9489619052964,11.9092355847085,11.8250958951973,
2069,,,,,,8.76019129646501,,9.56379706059733,,,,,,,,9.4460093051074,,,,9.57331836811047,,9.74560669039333,9.43265699617721,,9.64762804449376,,,,9.97584314337567,10.0419761600342,9.83534049195481,9.91594124840214,,,,10.0941700419898,,,,,,9.64801016270421,,9.68059480252802,9.89127905163792,,9.58800575243438,9.95202396410848,,,,9.36442932838114,,,10.1178566095286,9.56692498686112,,10.0832849748716,,,10.4019755375971,10.3534859885241,10.3398111800614,10.3385235323229,
2070,,,,,,9.48046792220156,,10.3657003594051,,,,,,,,10.6162901040417,,,,10.0014348084821,,9.734838548913,9.77866759357657,,10.0045809190924,,,,9.81756656814933,9.69638505715483,9.55267087473886,9.74529339307976,,,,9.59821373019316,,,,,,9.29816014542253,,9.53103509762888,9.99122931937119,,9.45896014404758,9.80169373693618,,,,9.70778673595225,,,10.1319083298749,10.1465497982142,,9.69516338681032,,,9.32272742584297,9.1125996908907,9.44134405571889,9.18256516128767,
2071,,,,,,8.59858163072294,,10.0947719785182,,,,,,,,9.03903409178223,,,,9.78781252725721,,9.75131927002189,9.68653535015753,,9.59157153149877,,,,9.28967115330238,9.4560713215244,8.97992791817065,9.5107615361044,,,,9.17239649448512,,,,,,9.01971790103331,,8.81656068474494,9.88191463382701,,10.0433879291505,9.70570200005238,,,,9.656918069575,,,9.89628681186745,9.83872649114805,,9.6514132618444,,,9.69794346245397,9.0892727689614,9.92355780409073,9.76111324341414,
2072,,,,,,9.15586229869361,,9.77077936753619,,,,,,,,10.2318979725953,,,,8.5003348763627,,8.69046586562712,8.68181435266073,,8.87376063004134,,,,9.30341597621734,9.13501951047528,9.06008424436784,9.11170100460876,,,,9.29974362727538,,,,,,9.63318541297982,,9.98978517423757,8.81727128076391,,9.15226245000753,9.43152228715887,,,,9.28192511438731,,,9.49054891094674,9.68336036004104,,9.36856527771754,,,8.94520315851198,9.80899963869663,9.02277595097895,9.36899565616775,
2073,,,,,,8.28415028257527,,8.98706467249165,,,,,,,,8.97995711624179,,,,8.4446410834597,,8.65952099185192,8.63339272595394,,8.36767139953674,,,,10.1166822146942,9.87119223423567,9.74157610323494,10.265778701092,,,,9.60346700163811,,,,,,9.85174722364856,,9.787998794277,8.55863939356215,,9.00346357207531,8.90517612376556,,,,9.10548489881431,,,9.01249080265044,8.33478986685389,,9.27823199481548,,,9.09040596576188,9.0366142427264,8.88651808011384,8.823750971389,
2074,,,,,,9.52238486237865,,10.4007455818191,,,,,,,,9.55316495440888,,,,8.40625684270997,,7.97127941807028,8.19112895727384,,8.11854527834743,,,,9.62869394705153,9.52168013917211,9.1520241770288,9.92965895474914,,,,9.63147102663033,,,,,,9.70176606561974,,9.56381628009207,9.98593804385011,,9.59133981764274,10.1852381449041,,,,9.46508021168636,,,10.0587789978134,7.39435629783388,,10.013964401429,,,9.71858626110422,9.49657939904419,9.50334475006223,9.7537438524008,
2075,,,,,,9.04431009914849,,10.6227419753516,,,,,,,,9.83937110158697,,,,10.1066279089638,,10.0959589879222,10.4533733145196,,10.210455332398,,,,8.52107581718243,8.68448980111118,8.40324230455141,8.4048388782958,,,,8.16845114698107,,,,,,9.20366499675581,,8.99635171970271,8.84532366693393,,8.84472775258048,9.15184626390852,,,,8.98948240441455,,,8.97311216326508,9.55223112315701,,9.02611674126804,,,10.0726547942977,10.150253042578,10.6252206660546,10.0324397906293,
2076,,,,,,9.86942888060917,,10.2814695498392,,,,,,,,9.70431314352408,,,,9.77776415391633,,9.53841379072086,9.42591737149886,,9.84424682372597,,,,9.98780285819048,10.0400687142734,9.82332282271777,10.1535463415082,,,,9.95035094017701,,,,,,10.2734606195009,,10.0233909995683,9.84344393681201,,10.1947700771471,10.0126828359949,,,,9.67042616653725,,,10.1059322266105,9.0161553858311,,10.2604810627968,,,8.32361400890384,8.8213440365216,8.694583253236,8.75900014636354,
2077,,,,,,8.68994724949986,,9.14678559677257,,,,,,,,10.1025746725114,,,,8.86395296254201,,9.0065201997888,9.13592185452488,,9.34453641427787,,,,10.2939489141157,10.5994802444906,10.8460404086088,10.3357747523708,,,,10.0220413704009,,,,,,8.50400169016822,,9.12580587352788,8.92685945288144,,9.04784020951338,9.0271629349089,,,,9.00093903111538,,,8.70476973190676,10.1381679269578,,9.17538907337356,,,10.8093363937368,10.8118857411995,10.5842868105093,10.5642357588047,
2078,,,,,,8.53872271939306,,9.12919677825368,,,,,,,,9.11183953161237,,,,9.91558182251265,,9.98573884558702,9.84338080434836,,9.6722217310455,,,,10.7472969503161,11.020951173407,10.7335509742168,11.0307584746967,,,,10.5014588180232,,,,,,9.188775823858,,9.31387162738225,9.57079639370491,,9.27215293848781,10.0066430385954,,,,9.69510535942751,,,9.36856308719654,9.34887312309707,,9.51877486557471,,,10.3114698163196,10.6486519398879,10.5113566165194,10.4902704706464,
2079,,,,,,8.44586163788048,,9.48555991888892,,,,,,,,10.2666373135826,,,,9.75242595628941,,10.053615271417,9.97362064102729,,10.5771838945056,,,,10.1684269058728,9.84064427101112,9.76032491961132,10.9613875619523,,,,9.96944158512979,,,,,,8.46637273744827,,8.2156486316406,9.19456684772332,,9.28493660149668,9.69502465278627,,,,9.50812795237438,,,10.0433317722726,9.94721061595705,,9.47686986125152,,,10.3250520489649,10.4480800529161,10.4935951562576,10.1417763695915,
2080,,,,,,8.29804276532755,,8.87150265883314,,,,,,,,8.48952345700531,,,,9.81760206288541,,10.0171082577624,10.0943296847072,,10.2111686338999,,,,8.54138314156008,8.33245546329478,8.33033050162167,8.04221573301362,,,,8.16644301440791,,,,,,9.17390612819906,,8.95449639716358,10.1299383331967,,10.071879485167,9.59402331132769,,,,10.1036374526604,,,10.428326591127,10.1293119465688,,10.2267262839889,,,10.2290382386304,10.3467586356723,10.5417747399969,10.2971525054828,
2081,,,,,,8.63957810671269,,9.24257974581052,,,,,,,,9.87079877695074,,,,7.86691651919595,,8.0604164870063,8.1259085625429,,8.07355879197396,,,,9.57978794613858,8.88263634972614,9.47678140408448,9.14357114326771,,,,8.89873008155856,,,,,,9.34260962580693,,8.98700768206098,9.3842284717151,,9.33134535852387,9.43459590189634,,,,9.17007090674155,,,9.50701880120391,9.63952326600428,,9.20182446746493,,,10.2384678329458,10.6424532635116,10.5163824859659,10.5168815896539,
2082,,,,,,8.37974218695112,,9.550552915281,,,,,,,,9.50874423542116,,,,9.70708499438828,,9.11772556475693,9.64877901103393,,9.78062855617551,,,,11.0598021640187,10.6937590657084,11.2680607109654,11.5413213813702,,,,10.5380942295919,,,,,,9.68874886090357,,9.33788529858402,9.23996492574927,,9.23932777534023,9.2260601008187,,,,9.15027275852053,,,9.32805628998808,10.0498715491628,,9.30570525171713,,,9.50116192573145,9.65942493748367,9.55973134808425,9.54370953306024,
2083,,,,,,8.61009129394785,,9.43110897987559,,,,,,,,9.47355249788419,,,,9.53449294201686,,9.09953799448708,9.53197023450852,,9.32874482190619,,,,10.0878873975042,10.4888457514454,9.8292391152142,10.4283531028686,,,,10.40183507449,,,,,,8.93685365072638,,8.9341412051944,7.57183356047209,,7.56880152125084,7.75535371745103,,,,7.7676181796672,,,7.72982930739692,9.26162928095384,,7.08338934690564,,,10.0229380340873,10.0613072608828,10.6156232146289,10.093077756064,
2084,,,,,,10.0211970920301,,10.2271688266467,,,,,,,,9.56452210285606,,,,9.63573069493138,,9.99828632811336,9.80860954656762,,10.0106355234193,,,,9.49958736604481,9.59119373499299,9.47417031976723,9.94177800142398,,,,9.13624476147465,,,,,,9.98009614960244,,10.5460697001306,9.1604732445543,,8.9840861695799,8.90619037138198,,,,9.04098448895771,,,9.23673659107009,9.44038687133913,,8.92223272873342,,,10.072154508479,10.1915809818749,10.4587676603272,10.150517344296,
2085,,,,,,8.5989451578947,,8.35174485789133,,,,,,,,10.1292946702998,,,,9.13368696456413,,9.45295363168424,9.69754762730941,,9.35990608485914,,,,9.15527417211694,8.58553350905989,9.28342701221112,9.40145365207689,,,,9.06652096411221,,,,,,9.07084875643747,,9.6864103598139,9.19963624258036,,8.98041440503235,8.42356464940317,,,,8.81049984452427,,,8.9583311835817,9.07498652674588,,8.83039364936047,,,10.1832963767901,9.81000894875755,10.1873237202176,10.1281138121719,
2086,,,,,,8.21206995639761,,9.49130736449301,,,,,,,,10.0998279414522,,,,9.59489120889088,,9.32098717779081,9.48316185558252,,9.35618191976143,,,,10.2068373279684,10.3707364258224,9.77085563274289,10.5049735689765,,,,9.89556700752754,,,,,,8.79496523794725,,8.92463397163538,9.86799559712507,,9.65403082466652,9.48660576679485,,,,10.0657980726069,,,10.0339985677258,9.2549355947474,,9.85234619297094,,,9.47685665259461,9.4894315428018,9.78224281115691,9.51880121142569,
2087,,,,,,8.82334575968842,,9.7927596485643,,,,,,,,9.55879005181685,,,,9.52836695835688,,9.39057847784421,9.83125832020217,,9.56043387816751,,,,9.94825828600117,10.0863143695742,10.2578337499138,10.6518053749261,,,,9.8102723156116,,,,,,9.22683637601789,,9.64878096544013,9.01406717172688,,9.09052119013992,9.01762572545137,,,,8.77827730921721,,,8.97529230438442,9.54667953760215,,9.27591058159343,,,10.439476202127,10.1728211797328,10.4571645320926,10.219094105934,
2088,,,,,,10.458916626224,,10.6751384107061,,,,,,,,8.61514802251489,,,,9.9125669994704,,10.1187735510457,9.75883866904935,,10.1252729730046,,,,10.6146500976611,10.5765996895671,10.2153514847227,11.2305239475656,,,,10.4344446666491,,,,,,8.36444282257203,,8.34430343983784,9.93846013266297,,10.1482343441086,10.6476189324168,,,,10.1885778474118,,,10.5204764515768,10.5568407800972,,10.5502487888636,,,9.77062795063081,9.78143688423502,10.2691637526041,9.73634589035529,
2089,,,,,,9.49693487394293,,10.5343166251061,,,,,,,,9.55356778402215,,,,8.9327680881324,,8.83839637679246,9.01162981904661,,8.88494722640741,,,,9.27373718245301,9.10949372548856,9.27701437341959,9.62417630930673,,,,9.13403144339996,,,,,,8.3904156488914,,8.32782166633112,8.94153604747808,,9.345543768717,9.1969725327586,,,,9.31631557226703,,,9.59524098809024,10.6493775290734,,10.0111789857727,,,9.91604380455147,10.2838333725857,10.3255621249518,9.65388767555749,
2090,,,,,,8.42715652597362,,9.12833341945516,,,,,,,,8.93954961665396,,,,8.00438784368401,,7.82485129598802,7.77913000531838,,8.21413398422381,,,,8.88853592138597,8.51778778671032,8.36715302571418,8.57499568028459,,,,8.51383389611543,,,,,,10.0249054917738,,9.37072657509462,9.13053355668362,,8.85201816294173,8.90387677380481,,,,8.88939719776536,,,9.25067419707136,9.28216470022101,,9.30475130143387,,,9.07572061934761,9.52920717176801,9.77723330063762,9.3420421632925,
2091,,,,,,7.80225955333192,,9.31462462648373,,,,,,,,9.22318306086886,,,,9.77219814362105,,10.2407764568619,10.0057905875406,,9.82352124100395,,,,9.80501247536668,9.03642992194669,9.42044647067158,9.12220914870071,,,,9.24859886528001,,,,,,9.06960597720534,,8.9296737053865,8.92203320177039,,8.8995394508488,8.79197953972432,,,,9.06369043528409,,,8.82447980936723,10.0726495434979,,9.07515297524125,,,8.79573733728335,9.30026734515227,9.11652253081947,8.76673665744782,
2092,,,,,,9.05655123910426,,10.1369406765634,,,,,,,,9.19098485016991,,,,9.23383646495624,,9.44242013625997,9.50290145262721,,9.43417687613747,,,,10.4426390360074,10.4310958589523,9.93501802547701,9.95376716766415,,,,9.64836131031792,,,,,,9.50125327272607,,9.33358517762288,9.64071395576158,,9.4892402842795,9.34284363517983,,,,9.42063057115959,,,9.52445863267971,10.4787101100304,,9.38452919520386,,,8.86933905602187,9.24457739699616,9.13647925074832,9.26894154952001,
2093,,,,,,8.2765816123504,,9.06426560002694,,,,,,,,8.50912986274481,,,,9.66719675235927,,9.79719732783117,10.0516913612288,,9.9074253078363,,,,9.69526064671268,9.14130662156945,9.36519224028657,9.44194020943031,,,,9.36084546300779,,,,,,9.0026611276377,,9.00242704343571,9.15408491761794,,8.98650646533995,9.33019726989704,,,,8.95219024963113,,,8.8278954029663,10.8910503118371,,8.86649826086994,,,10.1304427285059,9.93011803196774,10.3871321595404,10.1572364809149,
2094,,,,,,9.83110479930207,,10.550435064429,,,,,,,,9.43352265142146,,,,9.29523338075723,,9.20080571123366,10.0195876441849,,9.49441868059734,,,,8.9346515670121,8.77730876867208,8.68045623857785,9.16547165167384,,,,8.70908224213967,,,,,,8.87178279591345,,9.02412404872159,8.23537702642386,,8.31423404493077,8.20797048134912,,,,8.45608497341404,,,8.31598322924054,9.4318227565605,,8.68853622836142,,,9.33846619435461,9.51644070710353,9.06957345433178,9.26189939154473,
2095,,,,,,9.20471498781179,,9.16301220403742,,,,,,,,9.75231927746433,,,,9.53011668198777,,9.54664953020635,9.73877128901408,,9.98141428147687,,,,9.03855979288184,9.14141790045686,9.90482828045868,9.60633405049239,,,,8.95234836777341,,,,,,9.92674130976033,,9.41540869848311,8.03682944292366,,7.91149992889051,8.52443450024359,,,,8.20999190873907,,,8.11243195514096,10.119896721815,,7.78802238232789,,,10.3235624162958,9.82963997068715,10.1531957347384,10.0804046791129,
2096,,,,,,10.1074204588338,,10.7934166756215,,,,,,,,9.78102984056208,,,,8.43537130986065,,8.58938554146137,8.53025836083102,,8.95562889462911,,,,10.2061821474955,10.1673614600267,10.0997983775726,10.0959204810552,,,,9.97413879080301,,,,,,8.98562848212179,,9.18208873201716,10.1939950206151,,9.97787175408177,9.9704817766074,,,,10.0272798305025,,,10.0277723244499,8.52970098957301,,9.95720848333203,,,8.42616590550132,9.09430301531293,8.95869959356396,8.57501104261908,
2097,,,,,,7.87183308566851,,9.02249229749941,,,,,,,,10.3705579547778,,,,7.8773289522706,,7.92029892951672,8.04693955924133,,7.72034814854551,,,,8.84553099565003,8.49019145502798,8.30126844033086,8.75224182787494,,,,8.71940267171875,,,,,,10.750275432531,,10.6976050542911,9.32922976383581,,9.28598933083561,9.0225342441171,,,,9.62334653964928,,,9.84343104861481,10.8069288257926,,9.76880572001673,,,9.15520557912484,9.32582877764528,9.26132510471581,8.97296619365292,
2098,,,,,,9.36130728900387,,9.58382185209971,,,,,,,,10.0790050187274,,,,10.0426463118647,,9.0940988855489,9.4148592946354,,8.98210355874619,,,,10.0474283876398,9.7066247712278,9.14245811651686,9.75984554030554,,,,9.36497548842421,,,,,,8.83167892025606,,9.11492396979199,9.47862347835299,,9.5078994877496,9.82576767172081,,,,9.54927724890129,,,9.77537717507747,9.78100652938837,,9.86705836159752,,,8.48012403269774,8.53413357952343,8.70849413680155,8.69411514635656,
2099,,,,,,9.54376303244076,,10.2858605492541,,,,,,,,9.76832278164408,,,,8.91717616493636,,8.64558410858481,9.07221226418012,,9.40369754654419,,,,10.0578784217465,9.90144759509065,9.30984021044293,10.1952050267575,,,,9.51506631980435,,,,,,10.4434141795426,,10.5994891711473,9.43873716740609,,9.24752286804941,9.653145031665,,,,9.48405290444268,,,9.64851878811839,10.3766047969902,,9.71580988397227,,,8.29917624093748,8.63389652492351,8.75544402860616,8.42951790387611,
2100,,,,,,8.34018373181124,,9.0344060003403,,,,,,,,9.85554216740538,,,,9.14118932684359,,9.21464418142149,9.79497961149403,,9.18640982574318,,,,,,,,,,,,,,,,,8.79322026031454,,8.68061683813199,9.43878269679616,,9.56201946202061,10.3052380942145,,,,9.71834227727777,,,9.62147169766476,10.3144843743677,,9.89443911757755,,,8.91418572721455,8.74645952059514,8.90649579222502,8.72938344849847,
